caminho_arquivo,classe
data\raw\Healthy Leaves\Healthy Leaves_754.jpg,Healthy Leaves
data\raw\Healthy Leaves\Healthy Leaves_51.jpg,Healthy Leaves
data\raw\Downy Mildew\Downy Mildew_285.jpg,Downy Mildew
data\raw\Downy Mildew\Downy Mildew_689.jpg,Downy Mildew
data\raw\Healthy Leaves\Healthy Leaves_978.jpg,Healthy Leaves
data\raw\Downy Mildew\Downy Mildew_890.jpg,Downy Mildew
data\raw\Downy Mildew\Downy Mildew_936.jpg,Downy Mildew
data\raw\Healthy Leaves\Healthy Leaves_297.jpg,Healthy Leaves
data\raw\Healthy Leaves\Healthy Leaves_1076.jpg,Healthy Leaves
data\raw\Powdery Mildew\Powdery Mildew_173.jpg,Powdery Mildew
data\raw\Healthy Leaves\Healthy Leaves_338.jpg,Healthy Leaves
data\raw\Healthy Leaves\Healthy Leaves_970.jpg,Healthy Leaves
data\raw\Downy Mildew\Downy Mildew_130.jpg,Downy Mildew
data\raw\Healthy Leaves\Healthy Leaves_493.jpg,Healthy Leaves
data\raw\Downy Mildew\Downy Mildew_176.jpg,Downy Mildew
data\raw\Bacterial Leaf Spot\Bacterial Leaf Spot_28.jpg,Bacterial Leaf Spot
data\raw\Powdery Mildew\Powdery Mildew_240.jpg,Powdery Mildew
data\raw\Healthy Leaves\Healthy Leaves_726.jpg,Healthy Leaves
data\raw\Downy Mildew\Downy Mildew_909.jpg,Downy Mildew
data\raw\Downy Mildew\Downy Mildew_331.jpg,Downy Mildew
data\raw\Downy Mildew\Downy Mildew_595.jpg,Downy Mildew
data\raw\Healthy Leaves\Healthy Leaves_712.jpg,Healthy Leaves
data\raw\Bacterial Leaf Spot\Bacterial Leaf Spot_76.jpg,Bacterial Leaf Spot
data\raw\Powdery Mildew\Powdery Mildew_327.jpg,Powdery Mildew
data\raw\Healthy Leaves\Healthy Leaves_1166.jpg,Healthy Leaves
data\raw\Healthy Leaves\Healthy Leaves_701.jpg,Healthy Leaves
data\raw\Powdery Mildew\Powdery Mildew_134.jpg,Powdery Mildew
data\raw\Downy Mildew\Downy Mildew_465.jpg,Downy Mildew
data\raw\Powdery Mildew\Powdery Mildew_232.jpg,Powdery Mildew
data\raw\Healthy Leaves\Healthy Leaves_1146.jpg,Healthy Leaves
data\raw\Downy Mildew\Downy Mildew_893.jpg,Downy Mildew
data\raw\Healthy Leaves\Healthy Leaves_633.jpg,Healthy Leaves
data\raw\Healthy Leaves\Healthy Leaves_848.jpg,Healthy Leaves
data\raw\Healthy Leaves\Healthy Leaves_788.jpg,Healthy Leaves
data\raw\Downy Mildew\Downy Mildew_300.jpg,Downy Mildew
data\raw\Downy Mildew\Downy Mildew_295.jpg,Downy Mildew
data\raw\Healthy Leaves\Healthy Leaves_1102.jpg,Healthy Leaves
data\raw\Healthy Leaves\Healthy Leaves_669.jpg,Healthy Leaves
data\raw\Healthy Leaves\Healthy Leaves_552.jpg,Healthy Leaves
data\raw\Healthy Leaves\Healthy Leaves_910.jpg,Healthy Leaves
data\raw\Downy Mildew\Downy Mildew_842.jpg,Downy Mildew
data\raw\Healthy Leaves\Healthy Leaves_606.jpg,Healthy Leaves
data\raw\Powdery Mildew\Powdery Mildew_19.jpg,Powdery Mildew
data\raw\Healthy Leaves\Healthy Leaves_721.jpg,Healthy Leaves
data\raw\Downy Mildew\Downy Mildew_535.jpg,Downy Mildew
data\raw\Healthy Leaves\Healthy Leaves_7.jpg,Healthy Leaves
data\raw\Healthy Leaves\Healthy Leaves_986.jpg,Healthy Leaves
data\raw\Healthy Leaves\Healthy Leaves_484.jpg,Healthy Leaves
data\raw\Powdery Mildew\Powdery Mildew_126.jpg,Powdery Mildew
data\raw\Downy Mildew\Downy Mildew_951.jpg,Downy Mildew
data\raw\Healthy Leaves\Healthy Leaves_790.jpg,Healthy Leaves
data\raw\Downy Mildew\Downy Mildew_494.jpg,Downy Mildew
data\raw\Downy Mildew\Downy Mildew_915.jpg,Downy Mildew
data\raw\Healthy Leaves\Healthy Leaves_518.jpg,Healthy Leaves
data\raw\Healthy Leaves\Healthy Leaves_549.jpg,Healthy Leaves
data\raw\Bacterial Leaf Spot\Bacterial Leaf Spot_3.png,Bacterial Leaf Spot
data\raw\Downy Mildew\Downy Mildew_675.jpg,Downy Mildew
data\raw\Powdery Mildew\Powdery Mildew_96.jpg,Powdery Mildew
data\raw\Downy Mildew\Downy Mildew_452.jpg,Downy Mildew
data\raw\Downy Mildew\Downy Mildew_941.jpg,Downy Mildew
data\raw\Downy Mildew\Downy Mildew_887.jpg,Downy Mildew
data\raw\Healthy Leaves\Healthy Leaves_140.jpg,Healthy Leaves
data\raw\Healthy Leaves\Healthy Leaves_126.jpg,Healthy Leaves
data\raw\Healthy Leaves\Healthy Leaves_608.jpg,Healthy Leaves
data\raw\Powdery Mildew\Powdery Mildew_185.jpg,Powdery Mildew
data\raw\Powdery Mildew\Powdery Mildew_239.jpg,Powdery Mildew
data\raw\Healthy Leaves\Healthy Leaves_887.jpg,Healthy Leaves
data\raw\Healthy Leaves\Healthy Leaves_561.jpg,Healthy Leaves
data\raw\Downy Mildew\Downy Mildew_813.jpg,Downy Mildew
data\raw\Powdery Mildew\Powdery Mildew_17.jpg,Powdery Mildew
data\raw\Downy Mildew\Downy Mildew_661.jpg,Downy Mildew
data\raw\Downy Mildew\Downy Mildew_242.jpg,Downy Mildew
data\raw\Powdery Mildew\Powdery Mildew_170.jpg,Powdery Mildew
data\raw\Downy Mildew\Downy Mildew_756.jpg,Downy Mildew
data\raw\Healthy Leaves\Healthy Leaves_898.png,Healthy Leaves
data\raw\Downy Mildew\Downy Mildew_461.jpg,Downy Mildew
data\raw\Healthy Leaves\Healthy Leaves_469.jpg,Healthy Leaves
data\raw\Downy Mildew\Downy Mildew_350.jpg,Downy Mildew
data\raw\Powdery Mildew\Powdery Mildew_312.jpg,Powdery Mildew
data\raw\Downy Mildew\Downy Mildew_447.jpg,Downy Mildew
data\raw\Healthy Leaves\Healthy Leaves_760.jpg,Healthy Leaves
data\raw\Healthy Leaves\Healthy Leaves_841.jpg,Healthy Leaves
data\raw\Healthy Leaves\Healthy Leaves_977.jpg,Healthy Leaves
data\raw\Powdery Mildew\Powdery Mildew_388.JPG,Powdery Mildew
data\raw\Downy Mildew\Downy Mildew_693.jpg,Downy Mildew
data\raw\Bacterial Leaf Spot\Bacterial Leaf Spot_27.jpg,Bacterial Leaf Spot
data\raw\Healthy Leaves\Healthy Leaves_1112.jpg,Healthy Leaves
data\raw\Healthy Leaves\Healthy Leaves_1003.png,Healthy Leaves
data\raw\Bacterial Leaf Spot\Bacterial Leaf Spot_42.JPG,Bacterial Leaf Spot
data\raw\Healthy Leaves\Healthy Leaves_118.jpg,Healthy Leaves
data\raw\Healthy Leaves\Healthy Leaves_399.jpg,Healthy Leaves
data\raw\Healthy Leaves\Healthy Leaves_948.jpg,Healthy Leaves
data\raw\Downy Mildew\Downy Mildew_606.jpg,Downy Mildew
data\raw\Healthy Leaves\Healthy Leaves_777.jpg,Healthy Leaves
data\raw\Bacterial Leaf Spot\Bacterial Leaf Spot_35.JPG,Bacterial Leaf Spot
data\raw\Downy Mildew\Downy Mildew_264.jpg,Downy Mildew
data\raw\Bacterial Leaf Spot\Bacterial Leaf Spot_63.jpg,Bacterial Leaf Spot
data\raw\Downy Mildew\Downy Mildew_34.jpg,Downy Mildew
data\raw\Downy Mildew\Downy Mildew_677.jpg,Downy Mildew
data\raw\Healthy Leaves\Healthy Leaves_937.jpg,Healthy Leaves
data\raw\Healthy Leaves\Healthy Leaves_792.jpg,Healthy Leaves
data\raw\Healthy Leaves\Healthy Leaves_291.jpg,Healthy Leaves
data\raw\Downy Mildew\Downy Mildew_901.jpg,Downy Mildew
data\raw\Healthy Leaves\Healthy Leaves_160.jpg,Healthy Leaves
data\raw\Downy Mildew\Downy Mildew_959.jpg,Downy Mildew
data\raw\Downy Mildew\Downy Mildew_728.jpg,Downy Mildew
data\raw\Healthy Leaves\Healthy Leaves_11.jpg,Healthy Leaves
data\raw\Downy Mildew\Downy Mildew_657.jpg,Downy Mildew
data\raw\Downy Mildew\Downy Mildew_739.jpg,Downy Mildew
data\raw\Downy Mildew\Downy Mildew_135.jpg,Downy Mildew
data\raw\Downy Mildew\Downy Mildew_616.jpg,Downy Mildew
data\raw\Downy Mildew\Downy Mildew_871.jpg,Downy Mildew
data\raw\Downy Mildew\Downy Mildew_957.png,Downy Mildew
data\raw\Powdery Mildew\Powdery Mildew_213.jpg,Powdery Mildew
data\raw\Downy Mildew\Downy Mildew_146.JPG,Downy Mildew
data\raw\Healthy Leaves\Healthy Leaves_71.jpg,Healthy Leaves
data\raw\Downy Mildew\Downy Mildew_451.jpg,Downy Mildew
data\raw\Downy Mildew\Downy Mildew_335.jpg,Downy Mildew
data\raw\Healthy Leaves\Healthy Leaves_5.jpg,Healthy Leaves
data\raw\Healthy Leaves\Healthy Leaves_478.jpg,Healthy Leaves
data\raw\Powdery Mildew\Powdery Mildew_383.JPG,Powdery Mildew
data\raw\Healthy Leaves\Healthy Leaves_684.jpg,Healthy Leaves
data\raw\Powdery Mildew\Powdery Mildew_358.jpg,Powdery Mildew
data\raw\Healthy Leaves\Healthy Leaves_623.jpg,Healthy Leaves
data\raw\Downy Mildew\Downy Mildew_523.jpg,Downy Mildew
data\raw\Powdery Mildew\Powdery Mildew_399.JPG,Powdery Mildew
data\raw\Healthy Leaves\Healthy Leaves_407.jpg,Healthy Leaves
data\raw\Downy Mildew\Downy Mildew_539.jpg,Downy Mildew
data\raw\Healthy Leaves\Healthy Leaves_908.jpg,Healthy Leaves
data\raw\Healthy Leaves\Healthy Leaves_84.jpg,Healthy Leaves
data\raw\Bacterial Leaf Spot\Bacterial Leaf Spot_92.png,Bacterial Leaf Spot
data\raw\Healthy Leaves\Healthy Leaves_276.jpg,Healthy Leaves
data\raw\Powdery Mildew\Powdery Mildew_395.png,Powdery Mildew
data\raw\Powdery Mildew\Powdery Mildew_245.jpg,Powdery Mildew
data\raw\Downy Mildew\Downy Mildew_598.jpg,Downy Mildew
data\raw\Downy Mildew\Downy Mildew_773.jpg,Downy Mildew
data\raw\Healthy Leaves\Healthy Leaves_594.jpg,Healthy Leaves
data\raw\Powdery Mildew\Powdery Mildew_164.jpg,Powdery Mildew
data\raw\Downy Mildew\Downy Mildew_800.jpg,Downy Mildew
data\raw\Downy Mildew\Downy Mildew_6.jpg,Downy Mildew
data\raw\Bacterial Leaf Spot\Bacterial Leaf Spot_55.jpg,Bacterial Leaf Spot
data\raw\Healthy Leaves\Healthy Leaves_967.jpg,Healthy Leaves
data\raw\Healthy Leaves\Healthy Leaves_148.jpg,Healthy Leaves
data\raw\Downy Mildew\Downy Mildew_367.jpg,Downy Mildew
data\raw\Downy Mildew\Downy Mildew_21.jpg,Downy Mildew
data\raw\Healthy Leaves\Healthy Leaves_1133.jpg,Healthy Leaves
data\raw\Healthy Leaves\Healthy Leaves_390.jpg,Healthy Leaves
data\raw\Downy Mildew\Downy Mildew_46.jpg,Downy Mildew
data\raw\Healthy Leaves\Healthy Leaves_1202.jpg,Healthy Leaves
data\raw\Downy Mildew\Downy Mildew_472.jpg,Downy Mildew
data\raw\Downy Mildew\Downy Mildew_559.JPG,Downy Mildew
data\raw\Healthy Leaves\Healthy Leaves_806.jpg,Healthy Leaves
data\raw\Healthy Leaves\Healthy Leaves_255.jpg,Healthy Leaves
data\raw\Bacterial Leaf Spot\Bacterial Leaf Spot_83.jpg,Bacterial Leaf Spot
data\raw\Healthy Leaves\Healthy Leaves_44.jpg,Healthy Leaves
data\raw\Healthy Leaves\Healthy Leaves_776.jpg,Healthy Leaves
data\raw\Downy Mildew\Downy Mildew_608.jpg,Downy Mildew
data\raw\Downy Mildew\Downy Mildew_10.jpg,Downy Mildew
data\raw\Powdery Mildew\Powdery Mildew_329.jpg,Powdery Mildew
data\raw\Downy Mildew\Downy Mildew_712.jpg,Downy Mildew
data\raw\Healthy Leaves\Healthy Leaves_817.jpg,Healthy Leaves
data\raw\Healthy Leaves\Healthy Leaves_837.jpg,Healthy Leaves
data\raw\Bacterial Leaf Spot\Bacterial Leaf Spot_73.jpg,Bacterial Leaf Spot
data\raw\Bacterial Leaf Spot\Bacterial Leaf Spot_100.png,Bacterial Leaf Spot
data\raw\Powdery Mildew\Powdery Mildew_284.jpg,Powdery Mildew
data\raw\Downy Mildew\Downy Mildew_720.jpg,Downy Mildew
data\raw\Healthy Leaves\Healthy Leaves_567.jpg,Healthy Leaves
data\raw\Downy Mildew\Downy Mildew_297.jpg,Downy Mildew
data\raw\Powdery Mildew\Powdery Mildew_116.jpg,Powdery Mildew
data\raw\Powdery Mildew\Powdery Mildew_338.jpg,Powdery Mildew
data\raw\Healthy Leaves\Healthy Leaves_202.jpg,Healthy Leaves
data\raw\Healthy Leaves\Healthy Leaves_464.jpg,Healthy Leaves
data\raw\Downy Mildew\Downy Mildew_646.jpg,Downy Mildew
data\raw\Healthy Leaves\Healthy Leaves_530.jpg,Healthy Leaves
data\raw\Downy Mildew\Downy Mildew_822.jpg,Downy Mildew
data\raw\Healthy Leaves\Healthy Leaves_1028.jpg,Healthy Leaves
data\raw\Healthy Leaves\Healthy Leaves_1050.jpg,Healthy Leaves
data\raw\Healthy Leaves\Healthy Leaves_823.jpg,Healthy Leaves
data\raw\Downy Mildew\Downy Mildew_228.jpg,Downy Mildew
data\raw\Downy Mildew\Downy Mildew_676.jpg,Downy Mildew
data\raw\Healthy Leaves\Healthy Leaves_911.jpg,Healthy Leaves
data\raw\Healthy Leaves\Healthy Leaves_110.jpg,Healthy Leaves
data\raw\Healthy Leaves\Healthy Leaves_102.jpg,Healthy Leaves
data\raw\Downy Mildew\Downy Mildew_359.jpg,Downy Mildew
data\raw\Healthy Leaves\Healthy Leaves_74.jpg,Healthy Leaves
data\raw\Downy Mildew\Downy Mildew_27.jpg,Downy Mildew
data\raw\Downy Mildew\Downy Mildew_445.jpg,Downy Mildew
data\raw\Downy Mildew\Downy Mildew_825.jpg,Downy Mildew
data\raw\Downy Mildew\Downy Mildew_513.jpg,Downy Mildew
data\raw\Healthy Leaves\Healthy Leaves_839.jpg,Healthy Leaves
data\raw\Healthy Leaves\Healthy Leaves_1201.jpg,Healthy Leaves
data\raw\Bacterial Leaf Spot\Bacterial Leaf Spot_91.JPG,Bacterial Leaf Spot
data\raw\Downy Mildew\Downy Mildew_80.jpg,Downy Mildew
data\raw\Downy Mildew\Downy Mildew_647.jpg,Downy Mildew
data\raw\Healthy Leaves\Healthy Leaves_331.jpg,Healthy Leaves
data\raw\Healthy Leaves\Healthy Leaves_725.jpg,Healthy Leaves
data\raw\Downy Mildew\Downy Mildew_615.jpg,Downy Mildew
data\raw\Powdery Mildew\Powdery Mildew_225.jpg,Powdery Mildew
data\raw\Downy Mildew\Downy Mildew_935.jpg,Downy Mildew
data\raw\Powdery Mildew\Powdery Mildew_186.jpg,Powdery Mildew
data\raw\Downy Mildew\Downy Mildew_128.jpg,Downy Mildew
data\raw\Downy Mildew\Downy Mildew_920.jpg,Downy Mildew
data\raw\Healthy Leaves\Healthy Leaves_57.jpg,Healthy Leaves
data\raw\Powdery Mildew\Powdery Mildew_47.jpg,Powdery Mildew
data\raw\Healthy Leaves\Healthy Leaves_1054.jpg,Healthy Leaves
data\raw\Downy Mildew\Downy Mildew_231.jpg,Downy Mildew
data\raw\Healthy Leaves\Healthy Leaves_1254.jpg,Healthy Leaves
data\raw\Healthy Leaves\Healthy Leaves_1000.jpg,Healthy Leaves
data\raw\Powdery Mildew\Powdery Mildew_82.jpg,Powdery Mildew
data\raw\Healthy Leaves\Healthy Leaves_366.jpg,Healthy Leaves
data\raw\Powdery Mildew\Powdery Mildew_357.jpg,Powdery Mildew
data\raw\Downy Mildew\Downy Mildew_209.jpg,Downy Mildew
data\raw\Downy Mildew\Downy Mildew_123.jpg,Downy Mildew
data\raw\Powdery Mildew\Powdery Mildew_332.jpg,Powdery Mildew
data\raw\Healthy Leaves\Healthy Leaves_711.jpg,Healthy Leaves
data\raw\Healthy Leaves\Healthy Leaves_768.jpg,Healthy Leaves
data\raw\Downy Mildew\Downy Mildew_680.jpg,Downy Mildew
data\raw\Powdery Mildew\Powdery Mildew_203.jpg,Powdery Mildew
data\raw\Healthy Leaves\Healthy Leaves_1111.jpg,Healthy Leaves
data\raw\Healthy Leaves\Healthy Leaves_1143.jpg,Healthy Leaves
data\raw\Downy Mildew\Downy Mildew_586.jpg,Downy Mildew
data\raw\Healthy Leaves\Healthy Leaves_1018.jpg,Healthy Leaves
data\raw\Healthy Leaves\Healthy Leaves_540.jpg,Healthy Leaves
data\raw\Powdery Mildew\Powdery Mildew_149.jpg,Powdery Mildew
data\raw\Healthy Leaves\Healthy Leaves_1021.jpg,Healthy Leaves
data\raw\Powdery Mildew\Powdery Mildew_242.jpg,Powdery Mildew
data\raw\Downy Mildew\Downy Mildew_558.jpg,Downy Mildew
data\raw\Powdery Mildew\Powdery Mildew_89.jpg,Powdery Mildew
data\raw\Healthy Leaves\Healthy Leaves_534.jpg,Healthy Leaves
data\raw\Downy Mildew\Downy Mildew_392.jpg,Downy Mildew
data\raw\Downy Mildew\Downy Mildew_836.jpg,Downy Mildew
data\raw\Healthy Leaves\Healthy Leaves_1157.jpg,Healthy Leaves
data\raw\Healthy Leaves\Healthy Leaves_40.jpg,Healthy Leaves
data\raw\Healthy Leaves\Healthy Leaves_313.jpg,Healthy Leaves
data\raw\Downy Mildew\Downy Mildew_929.jpg,Downy Mildew
data\raw\Downy Mildew\Downy Mildew_404.jpg,Downy Mildew
data\raw\Downy Mildew\Downy Mildew_438.jpg,Downy Mildew
data\raw\Downy Mildew\Downy Mildew_353.jpg,Downy Mildew
data\raw\Healthy Leaves\Healthy Leaves_29.jpg,Healthy Leaves
data\raw\Downy Mildew\Downy Mildew_811.jpg,Downy Mildew
data\raw\Healthy Leaves\Healthy Leaves_511.jpg,Healthy Leaves
data\raw\Downy Mildew\Downy Mildew_516.jpg,Downy Mildew
data\raw\Downy Mildew\Downy Mildew_795.jpg,Downy Mildew
data\raw\Healthy Leaves\Healthy Leaves_867.jpg,Healthy Leaves
data\raw\Downy Mildew\Downy Mildew_708.jpg,Downy Mildew
data\raw\Healthy Leaves\Healthy Leaves_465.jpg,Healthy Leaves
data\raw\Healthy Leaves\Healthy Leaves_129.jpg,Healthy Leaves
data\raw\Healthy Leaves\Healthy Leaves_822.jpg,Healthy Leaves
data\raw\Healthy Leaves\Healthy Leaves_551.jpg,Healthy Leaves
data\raw\Healthy Leaves\Healthy Leaves_320.jpg,Healthy Leaves
data\raw\Powdery Mildew\Powdery Mildew_92.jpg,Powdery Mildew
data\raw\Healthy Leaves\Healthy Leaves_49.jpg,Healthy Leaves
data\raw\Healthy Leaves\Healthy Leaves_1083.jpg,Healthy Leaves
data\raw\Healthy Leaves\Healthy Leaves_61.jpg,Healthy Leaves
data\raw\Healthy Leaves\Healthy Leaves_225.jpg,Healthy Leaves
data\raw\Healthy Leaves\Healthy Leaves_909.jpg,Healthy Leaves
data\raw\Healthy Leaves\Healthy Leaves_38.jpg,Healthy Leaves
data\raw\Downy Mildew\Downy Mildew_76.jpg,Downy Mildew
data\raw\Downy Mildew\Downy Mildew_473.jpg,Downy Mildew
data\raw\Powdery Mildew\Powdery Mildew_341.jpg,Powdery Mildew
data\raw\Healthy Leaves\Healthy Leaves_352.jpg,Healthy Leaves
data\raw\Downy Mildew\Downy Mildew_554.jpg,Downy Mildew
data\raw\Downy Mildew\Downy Mildew_514.jpg,Downy Mildew
data\raw\Downy Mildew\Downy Mildew_457.jpg,Downy Mildew
data\raw\Downy Mildew\Downy Mildew_863.jpg,Downy Mildew
data\raw\Powdery Mildew\Powdery Mildew_335.jpg,Powdery Mildew
data\raw\Healthy Leaves\Healthy Leaves_472.jpg,Healthy Leaves
data\raw\Downy Mildew\Downy Mildew_315.jpg,Downy Mildew
data\raw\Downy Mildew\Downy Mildew_883.jpg,Downy Mildew
data\raw\Healthy Leaves\Healthy Leaves_374.jpg,Healthy Leaves
data\raw\Powdery Mildew\Powdery Mildew_359.jpg,Powdery Mildew
data\raw\Healthy Leaves\Healthy Leaves_693.jpg,Healthy Leaves
data\raw\Downy Mildew\Downy Mildew_768.jpg,Downy Mildew
data\raw\Powdery Mildew\Powdery Mildew_45.jpg,Powdery Mildew
data\raw\Downy Mildew\Downy Mildew_469.jpg,Downy Mildew
data\raw\Downy Mildew\Downy Mildew_551.jpg,Downy Mildew
data\raw\Bacterial Leaf Spot\Bacterial Leaf Spot_10.jpg,Bacterial Leaf Spot
data\raw\Downy Mildew\Downy Mildew_252.jpg,Downy Mildew
data\raw\Powdery Mildew\Powdery Mildew_71.jpg,Powdery Mildew
data\raw\Bacterial Leaf Spot\Bacterial Leaf Spot_88.png,Bacterial Leaf Spot
data\raw\Downy Mildew\Downy Mildew_673.jpg,Downy Mildew
data\raw\Downy Mildew\Downy Mildew_77.jpg,Downy Mildew
data\raw\Healthy Leaves\Healthy Leaves_756.jpg,Healthy Leaves
data\raw\Downy Mildew\Downy Mildew_88.jpg,Downy Mildew
data\raw\Downy Mildew\Downy Mildew_649.jpg,Downy Mildew
data\raw\Healthy Leaves\Healthy Leaves_919.jpg,Healthy Leaves
data\raw\Downy Mildew\Downy Mildew_619.jpg,Downy Mildew
data\raw\Healthy Leaves\Healthy Leaves_1194.jpg,Healthy Leaves
data\raw\Healthy Leaves\Healthy Leaves_106.jpg,Healthy Leaves
data\raw\Healthy Leaves\Healthy Leaves_505.jpg,Healthy Leaves
data\raw\Powdery Mildew\Powdery Mildew_351.jpg,Powdery Mildew
data\raw\Healthy Leaves\Healthy Leaves_260.jpg,Healthy Leaves
data\raw\Downy Mildew\Downy Mildew_20.jpg,Downy Mildew
data\raw\Healthy Leaves\Healthy Leaves_1065.jpg,Healthy Leaves
data\raw\Healthy Leaves\Healthy Leaves_438.jpg,Healthy Leaves
data\raw\Healthy Leaves\Healthy Leaves_861.jpg,Healthy Leaves
data\raw\Healthy Leaves\Healthy Leaves_412.jpg,Healthy Leaves
data\raw\Healthy Leaves\Healthy Leaves_1239.jpg,Healthy Leaves
data\raw\Downy Mildew\Downy Mildew_591.jpg,Downy Mildew
data\raw\Downy Mildew\Downy Mildew_907.jpg,Downy Mildew
data\raw\Powdery Mildew\Powdery Mildew_188.jpg,Powdery Mildew
data\raw\Powdery Mildew\Powdery Mildew_400.JPG,Powdery Mildew
data\raw\Healthy Leaves\Healthy Leaves_88.jpg,Healthy Leaves
data\raw\Downy Mildew\Downy Mildew_697.jpg,Downy Mildew
data\raw\Healthy Leaves\Healthy Leaves_52.jpg,Healthy Leaves
data\raw\Healthy Leaves\Healthy Leaves_1130.jpg,Healthy Leaves
data\raw\Healthy Leaves\Healthy Leaves_556.jpg,Healthy Leaves
data\raw\Healthy Leaves\Healthy Leaves_570.jpg,Healthy Leaves
data\raw\Downy Mildew\Downy Mildew_877.jpg,Downy Mildew
data\raw\Healthy Leaves\Healthy Leaves_507.jpg,Healthy Leaves
data\raw\Healthy Leaves\Healthy Leaves_1007.jpg,Healthy Leaves
data\raw\Powdery Mildew\Powdery Mildew_72.jpg,Powdery Mildew
data\raw\Downy Mildew\Downy Mildew_548.jpg,Downy Mildew
data\raw\Downy Mildew\Downy Mildew_868.jpg,Downy Mildew
data\raw\Healthy Leaves\Healthy Leaves_981.jpg,Healthy Leaves
data\raw\Healthy Leaves\Healthy Leaves_1232.jpg,Healthy Leaves
data\raw\Downy Mildew\Downy Mildew_664.jpg,Downy Mildew
data\raw\Powdery Mildew\Powdery Mildew_181.jpg,Powdery Mildew
data\raw\Downy Mildew\Downy Mildew_234.jpg,Downy Mildew
data\raw\Powdery Mildew\Powdery Mildew_246.jpg,Powdery Mildew
data\raw\Downy Mildew\Downy Mildew_854.jpg,Downy Mildew
data\raw\Healthy Leaves\Healthy Leaves_104.jpg,Healthy Leaves
data\raw\Healthy Leaves\Healthy Leaves_617.jpg,Healthy Leaves
data\raw\Powdery Mildew\Powdery Mildew_43.jpg,Powdery Mildew
data\raw\Downy Mildew\Downy Mildew_843.jpg,Downy Mildew
data\raw\Downy Mildew\Downy Mildew_281.jpg,Downy Mildew
data\raw\Downy Mildew\Downy Mildew_738.jpg,Downy Mildew
data\raw\Healthy Leaves\Healthy Leaves_508.jpg,Healthy Leaves
data\raw\Healthy Leaves\Healthy Leaves_113.jpg,Healthy Leaves
data\raw\Powdery Mildew\Powdery Mildew_347.jpg,Powdery Mildew
data\raw\Healthy Leaves\Healthy Leaves_163.jpg,Healthy Leaves
data\raw\Healthy Leaves\Healthy Leaves_596.jpg,Healthy Leaves
data\raw\Healthy Leaves\Healthy Leaves_1192.jpg,Healthy Leaves
data\raw\Powdery Mildew\Powdery Mildew_27.jpg,Powdery Mildew
data\raw\Powdery Mildew\Powdery Mildew_104.jpg,Powdery Mildew
data\raw\Downy Mildew\Downy Mildew_703.jpg,Downy Mildew
data\raw\Downy Mildew\Downy Mildew_648.jpg,Downy Mildew
data\raw\Healthy Leaves\Healthy Leaves_731.jpg,Healthy Leaves
data\raw\Healthy Leaves\Healthy Leaves_445.jpg,Healthy Leaves
data\raw\Healthy Leaves\Healthy Leaves_1174.jpg,Healthy Leaves
data\raw\Healthy Leaves\Healthy Leaves_467.jpg,Healthy Leaves
data\raw\Downy Mildew\Downy Mildew_435.jpg,Downy Mildew
data\raw\Downy Mildew\Downy Mildew_95.jpg,Downy Mildew
data\raw\Healthy Leaves\Healthy Leaves_808.jpg,Healthy Leaves
data\raw\Downy Mildew\Downy Mildew_787.jpg,Downy Mildew
data\raw\Healthy Leaves\Healthy Leaves_539.jpg,Healthy Leaves
data\raw\Downy Mildew\Downy Mildew_309.jpg,Downy Mildew
data\raw\Healthy Leaves\Healthy Leaves_1084.jpg,Healthy Leaves
data\raw\Healthy Leaves\Healthy Leaves_931.jpg,Healthy Leaves
data\raw\Healthy Leaves\Healthy Leaves_990.jpg,Healthy Leaves
data\raw\Downy Mildew\Downy Mildew_960.png,Downy Mildew
data\raw\Healthy Leaves\Healthy Leaves_1010.jpg,Healthy Leaves
data\raw\Healthy Leaves\Healthy Leaves_334.jpg,Healthy Leaves
data\raw\Downy Mildew\Downy Mildew_60.jpg,Downy Mildew
data\raw\Powdery Mildew\Powdery Mildew_81.jpg,Powdery Mildew
data\raw\Healthy Leaves\Healthy Leaves_715.jpg,Healthy Leaves
data\raw\Healthy Leaves\Healthy Leaves_1035.jpg,Healthy Leaves
data\raw\Healthy Leaves\Healthy Leaves_595.jpg,Healthy Leaves
data\raw\Downy Mildew\Downy Mildew_721.jpg,Downy Mildew
data\raw\Healthy Leaves\Healthy Leaves_619.jpg,Healthy Leaves
data\raw\Powdery Mildew\Powdery Mildew_23.jpg,Powdery Mildew
data\raw\Downy Mildew\Downy Mildew_793.jpg,Downy Mildew
data\raw\Bacterial Leaf Spot\Bacterial Leaf Spot_66.JPG,Bacterial Leaf Spot
data\raw\Downy Mildew\Downy Mildew_678.jpg,Downy Mildew
data\raw\Downy Mildew\Downy Mildew_904.jpg,Downy Mildew
data\raw\Healthy Leaves\Healthy Leaves_180.jpg,Healthy Leaves
data\raw\Healthy Leaves\Healthy Leaves_689.jpg,Healthy Leaves
data\raw\Healthy Leaves\Healthy Leaves_1138.jpg,Healthy Leaves
data\raw\Powdery Mildew\Powdery Mildew_298.jpg,Powdery Mildew
data\raw\Healthy Leaves\Healthy Leaves_298.jpg,Healthy Leaves
data\raw\Downy Mildew\Downy Mildew_22.jpg,Downy Mildew
data\raw\Downy Mildew\Downy Mildew_102.jpg,Downy Mildew
data\raw\Powdery Mildew\Powdery Mildew_109.jpg,Powdery Mildew
data\raw\Downy Mildew\Downy Mildew_815.jpg,Downy Mildew
data\raw\Downy Mildew\Downy Mildew_421.jpg,Downy Mildew
data\raw\Healthy Leaves\Healthy Leaves_778.jpg,Healthy Leaves
data\raw\Downy Mildew\Downy Mildew_277.jpg,Downy Mildew
data\raw\Powdery Mildew\Powdery Mildew_215.jpg,Powdery Mildew
data\raw\Downy Mildew\Downy Mildew_571.jpg,Downy Mildew
data\raw\Healthy Leaves\Healthy Leaves_729.jpg,Healthy Leaves
data\raw\Downy Mildew\Downy Mildew_111.jpg,Downy Mildew
data\raw\Healthy Leaves\Healthy Leaves_782.jpg,Healthy Leaves
data\raw\Healthy Leaves\Healthy Leaves_1047.jpg,Healthy Leaves
data\raw\Downy Mildew\Downy Mildew_497.jpg,Downy Mildew
data\raw\Powdery Mildew\Powdery Mildew_158.jpg,Powdery Mildew
data\raw\Healthy Leaves\Healthy Leaves_998.jpg,Healthy Leaves
data\raw\Healthy Leaves\Healthy Leaves_602.jpg,Healthy Leaves
data\raw\Healthy Leaves\Healthy Leaves_19.jpg,Healthy Leaves
data\raw\Healthy Leaves\Healthy Leaves_1191.jpg,Healthy Leaves
data\raw\Healthy Leaves\Healthy Leaves_402.jpg,Healthy Leaves
data\raw\Downy Mildew\Downy Mildew_476.jpg,Downy Mildew
data\raw\Healthy Leaves\Healthy Leaves_648.jpg,Healthy Leaves
data\raw\Bacterial Leaf Spot\Bacterial Leaf Spot_85.png,Bacterial Leaf Spot
data\raw\Healthy Leaves\Healthy Leaves_772.jpg,Healthy Leaves
data\raw\Healthy Leaves\Healthy Leaves_267.jpg,Healthy Leaves
data\raw\Downy Mildew\Downy Mildew_714.jpg,Downy Mildew
data\raw\Downy Mildew\Downy Mildew_950.jpg,Downy Mildew
data\raw\Powdery Mildew\Powdery Mildew_110.jpg,Powdery Mildew
data\raw\Healthy Leaves\Healthy Leaves_842.jpg,Healthy Leaves
data\raw\Healthy Leaves\Healthy Leaves_584.jpg,Healthy Leaves
data\raw\Downy Mildew\Downy Mildew_385.jpg,Downy Mildew
data\raw\Powdery Mildew\Powdery Mildew_137.jpg,Powdery Mildew
data\raw\Healthy Leaves\Healthy Leaves_1034.jpg,Healthy Leaves
data\raw\Healthy Leaves\Healthy Leaves_601.jpg,Healthy Leaves
data\raw\Downy Mildew\Downy Mildew_814.jpg,Downy Mildew
data\raw\Healthy Leaves\Healthy Leaves_342.jpg,Healthy Leaves
data\raw\Downy Mildew\Downy Mildew_888.jpg,Downy Mildew
data\raw\Healthy Leaves\Healthy Leaves_362.jpg,Healthy Leaves
data\raw\Healthy Leaves\Healthy Leaves_268.jpg,Healthy Leaves
data\raw\Downy Mildew\Downy Mildew_363.jpg,Downy Mildew
data\raw\Healthy Leaves\Healthy Leaves_247.jpg,Healthy Leaves
data\raw\Healthy Leaves\Healthy Leaves_915.jpg,Healthy Leaves
data\raw\Powdery Mildew\Powdery Mildew_198.jpg,Powdery Mildew
data\raw\Healthy Leaves\Healthy Leaves_714.jpg,Healthy Leaves
data\raw\Powdery Mildew\Powdery Mildew_339.jpg,Powdery Mildew
data\raw\Downy Mildew\Downy Mildew_306.jpg,Downy Mildew
data\raw\Healthy Leaves\Healthy Leaves_1210.jpg,Healthy Leaves
data\raw\Downy Mildew\Downy Mildew_509.jpg,Downy Mildew
data\raw\Healthy Leaves\Healthy Leaves_196.jpg,Healthy Leaves
data\raw\Downy Mildew\Downy Mildew_412.jpg,Downy Mildew
data\raw\Bacterial Leaf Spot\Bacterial Leaf Spot_87.png,Bacterial Leaf Spot
data\raw\Healthy Leaves\Healthy Leaves_245.jpg,Healthy Leaves
data\raw\Healthy Leaves\Healthy Leaves_934.jpg,Healthy Leaves
data\raw\Healthy Leaves\Healthy Leaves_658.jpg,Healthy Leaves
data\raw\Downy Mildew\Downy Mildew_171.jpg,Downy Mildew
data\raw\Healthy Leaves\Healthy Leaves_279.jpg,Healthy Leaves
data\raw\Downy Mildew\Downy Mildew_632.jpg,Downy Mildew
data\raw\Healthy Leaves\Healthy Leaves_1149.jpg,Healthy Leaves
data\raw\Healthy Leaves\Healthy Leaves_364.jpg,Healthy Leaves
data\raw\Healthy Leaves\Healthy Leaves_763.jpg,Healthy Leaves
data\raw\Downy Mildew\Downy Mildew_524.jpg,Downy Mildew
data\raw\Powdery Mildew\Powdery Mildew_234.jpg,Powdery Mildew
data\raw\Healthy Leaves\Healthy Leaves_166.jpg,Healthy Leaves
data\raw\Powdery Mildew\Powdery Mildew_159.jpg,Powdery Mildew
data\raw\Healthy Leaves\Healthy Leaves_554.jpg,Healthy Leaves
data\raw\Healthy Leaves\Healthy Leaves_527.jpg,Healthy Leaves
data\raw\Healthy Leaves\Healthy Leaves_1013.jpg,Healthy Leaves
data\raw\Healthy Leaves\Healthy Leaves_638.jpg,Healthy Leaves
data\raw\Healthy Leaves\Healthy Leaves_1161.png,Healthy Leaves
data\raw\Downy Mildew\Downy Mildew_79.jpg,Downy Mildew
data\raw\Downy Mildew\Downy Mildew_874.jpg,Downy Mildew
data\raw\Powdery Mildew\Powdery Mildew_191.jpg,Powdery Mildew
data\raw\Healthy Leaves\Healthy Leaves_450.jpg,Healthy Leaves
data\raw\Healthy Leaves\Healthy Leaves_181.jpg,Healthy Leaves
data\raw\Healthy Leaves\Healthy Leaves_387.jpg,Healthy Leaves
data\raw\Downy Mildew\Downy Mildew_308.jpg,Downy Mildew
data\raw\Powdery Mildew\Powdery Mildew_84.jpg,Powdery Mildew
data\raw\Downy Mildew\Downy Mildew_54.jpg,Downy Mildew
data\raw\Bacterial Leaf Spot\Bacterial Leaf Spot_56.jpg,Bacterial Leaf Spot
data\raw\Downy Mildew\Downy Mildew_764.jpg,Downy Mildew
data\raw\Powdery Mildew\Powdery Mildew_102.jpg,Powdery Mildew
data\raw\Powdery Mildew\Powdery Mildew_325.jpg,Powdery Mildew
data\raw\Powdery Mildew\Powdery Mildew_120.jpg,Powdery Mildew
data\raw\Downy Mildew\Downy Mildew_855.jpg,Downy Mildew
data\raw\Powdery Mildew\Powdery Mildew_344.jpg,Powdery Mildew
data\raw\Powdery Mildew\Powdery Mildew_219.jpg,Powdery Mildew
data\raw\Healthy Leaves\Healthy Leaves_611.jpg,Healthy Leaves
data\raw\Powdery Mildew\Powdery Mildew_254.jpg,Powdery Mildew
data\raw\Powdery Mildew\Powdery Mildew_184.jpg,Powdery Mildew
data\raw\Healthy Leaves\Healthy Leaves_500.jpg,Healthy Leaves
data\raw\Healthy Leaves\Healthy Leaves_976.jpg,Healthy Leaves
data\raw\Downy Mildew\Downy Mildew_397.jpg,Downy Mildew
data\raw\Healthy Leaves\Healthy Leaves_1043.png,Healthy Leaves
data\raw\Healthy Leaves\Healthy Leaves_932.jpg,Healthy Leaves
data\raw\Healthy Leaves\Healthy Leaves_15.jpg,Healthy Leaves
data\raw\Downy Mildew\Downy Mildew_776.jpg,Downy Mildew
data\raw\Healthy Leaves\Healthy Leaves_555.jpg,Healthy Leaves
data\raw\Downy Mildew\Downy Mildew_669.jpg,Downy Mildew
data\raw\Healthy Leaves\Healthy Leaves_773.jpg,Healthy Leaves
data\raw\Downy Mildew\Downy Mildew_823.jpg,Downy Mildew
data\raw\Powdery Mildew\Powdery Mildew_152.jpg,Powdery Mildew
data\raw\Downy Mildew\Downy Mildew_185.jpg,Downy Mildew
data\raw\Powdery Mildew\Powdery Mildew_16.jpg,Powdery Mildew
data\raw\Healthy Leaves\Healthy Leaves_531.jpg,Healthy Leaves
data\raw\Downy Mildew\Downy Mildew_215.jpg,Downy Mildew
data\raw\Downy Mildew\Downy Mildew_824.jpg,Downy Mildew
data\raw\Downy Mildew\Downy Mildew_817.jpg,Downy Mildew
data\raw\Healthy Leaves\Healthy Leaves_719.jpg,Healthy Leaves
data\raw\Downy Mildew\Downy Mildew_546.jpg,Downy Mildew
data\raw\Healthy Leaves\Healthy Leaves_418.jpg,Healthy Leaves
data\raw\Healthy Leaves\Healthy Leaves_779.jpg,Healthy Leaves
data\raw\Downy Mildew\Downy Mildew_884.jpg,Downy Mildew
data\raw\Downy Mildew\Downy Mildew_761.jpg,Downy Mildew
data\raw\Powdery Mildew\Powdery Mildew_376.JPG,Powdery Mildew
data\raw\Healthy Leaves\Healthy Leaves_216.jpg,Healthy Leaves
data\raw\Healthy Leaves\Healthy Leaves_1086.jpg,Healthy Leaves
data\raw\Healthy Leaves\Healthy Leaves_59.jpg,Healthy Leaves
data\raw\Healthy Leaves\Healthy Leaves_177.jpg,Healthy Leaves
data\raw\Healthy Leaves\Healthy Leaves_150.jpg,Healthy Leaves
data\raw\Powdery Mildew\Powdery Mildew_52.jpg,Powdery Mildew
data\raw\Healthy Leaves\Healthy Leaves_310.jpg,Healthy Leaves
data\raw\Healthy Leaves\Healthy Leaves_234.jpg,Healthy Leaves
data\raw\Healthy Leaves\Healthy Leaves_1172.jpg,Healthy Leaves
data\raw\Downy Mildew\Downy Mildew_752.jpg,Downy Mildew
data\raw\Downy Mildew\Downy Mildew_141.jpg,Downy Mildew
data\raw\Healthy Leaves\Healthy Leaves_293.jpg,Healthy Leaves
data\raw\Powdery Mildew\Powdery Mildew_326.jpg,Powdery Mildew
data\raw\Healthy Leaves\Healthy Leaves_741.jpg,Healthy Leaves
data\raw\Bacterial Leaf Spot\Bacterial Leaf Spot_21.jpg,Bacterial Leaf Spot
data\raw\Downy Mildew\Downy Mildew_267.jpg,Downy Mildew
data\raw\Healthy Leaves\Healthy Leaves_43.jpg,Healthy Leaves
data\raw\Healthy Leaves\Healthy Leaves_685.jpg,Healthy Leaves
data\raw\Healthy Leaves\Healthy Leaves_164.jpg,Healthy Leaves
data\raw\Healthy Leaves\Healthy Leaves_433.jpg,Healthy Leaves
data\raw\Downy Mildew\Downy Mildew_706.jpg,Downy Mildew
data\raw\Downy Mildew\Downy Mildew_230.jpg,Downy Mildew
data\raw\Healthy Leaves\Healthy Leaves_1124.jpg,Healthy Leaves
data\raw\Healthy Leaves\Healthy Leaves_799.jpg,Healthy Leaves
data\raw\Healthy Leaves\Healthy Leaves_629.jpg,Healthy Leaves
data\raw\Downy Mildew\Downy Mildew_28.jpg,Downy Mildew
data\raw\Downy Mildew\Downy Mildew_44.jpg,Downy Mildew
data\raw\Healthy Leaves\Healthy Leaves_884.jpg,Healthy Leaves
data\raw\Downy Mildew\Downy Mildew_908.jpg,Downy Mildew
data\raw\Healthy Leaves\Healthy Leaves_545.jpg,Healthy Leaves
data\raw\Downy Mildew\Downy Mildew_41.jpg,Downy Mildew
data\raw\Healthy Leaves\Healthy Leaves_1217.jpg,Healthy Leaves
data\raw\Downy Mildew\Downy Mildew_402.jpg,Downy Mildew
data\raw\Powdery Mildew\Powdery Mildew_4.png,Powdery Mildew
data\raw\Healthy Leaves\Healthy Leaves_1023.jpg,Healthy Leaves
data\raw\Powdery Mildew\Powdery Mildew_378.JPG,Powdery Mildew
data\raw\Healthy Leaves\Healthy Leaves_914.jpg,Healthy Leaves
data\raw\Healthy Leaves\Healthy Leaves_835.jpg,Healthy Leaves
data\raw\Downy Mildew\Downy Mildew_446.jpg,Downy Mildew
data\raw\Healthy Leaves\Healthy Leaves_922.jpg,Healthy Leaves
data\raw\Downy Mildew\Downy Mildew_650.jpg,Downy Mildew
data\raw\Downy Mildew\Downy Mildew_791.jpg,Downy Mildew
data\raw\Downy Mildew\Downy Mildew_946.jpg,Downy Mildew
data\raw\Healthy Leaves\Healthy Leaves_654.jpg,Healthy Leaves
data\raw\Powdery Mildew\Powdery Mildew_85.jpg,Powdery Mildew
data\raw\Healthy Leaves\Healthy Leaves_752.jpg,Healthy Leaves
data\raw\Downy Mildew\Downy Mildew_320.jpg,Downy Mildew
data\raw\Downy Mildew\Downy Mildew_317.jpg,Downy Mildew
data\raw\Healthy Leaves\Healthy Leaves_759.jpg,Healthy Leaves
data\raw\Healthy Leaves\Healthy Leaves_1114.jpg,Healthy Leaves
data\raw\Downy Mildew\Downy Mildew_683.jpg,Downy Mildew
data\raw\Healthy Leaves\Healthy Leaves_1026.jpg,Healthy Leaves
data\raw\Healthy Leaves\Healthy Leaves_1131.jpg,Healthy Leaves
data\raw\Downy Mildew\Downy Mildew_411.jpg,Downy Mildew
data\raw\Healthy Leaves\Healthy Leaves_614.jpg,Healthy Leaves
data\raw\Healthy Leaves\Healthy Leaves_833.jpg,Healthy Leaves
data\raw\Powdery Mildew\Powdery Mildew_259.jpg,Powdery Mildew
data\raw\Downy Mildew\Downy Mildew_754.jpg,Downy Mildew
data\raw\Healthy Leaves\Healthy Leaves_722.jpg,Healthy Leaves
data\raw\Downy Mildew\Downy Mildew_188.jpg,Downy Mildew
data\raw\Downy Mildew\Downy Mildew_846.jpg,Downy Mildew
data\raw\Healthy Leaves\Healthy Leaves_1071.jpg,Healthy Leaves
